32,5,wVf5Yfu/qJDsTPX+sJ9bG78rkLQ=,WbW3P3StE+wPw8cpAdHPNxKSyOY=
32,10,wVf5Yfu/qJDsTPX+sJ9bG78rkLQ=,er+o/oVgx4Qx8yx1LFYD4c4YRmc=
32,8,wVf5Yfu/qJDsTPX+sJ9bG78rkLQ=,er+o/oVgx4Qx8yx1LFYD4c4YRmc=
32,7,wVf5Yfu/qJDsTPX+sJ9bG78rkLQ=,WbW3P3StE+wPw8cpAdHPNxKSyOY=
32,6,wVf5Yfu/qJDsTPX+sJ9bG78rkLQ=,WbW3P3StE+wPw8cpAdHPNxKSyOY=
32,1,wVf5Yfu/qJDsTPX+sJ9bG78rkLQ=,F32HA8Uh4fwkTFk3ts5xi3JxQcI=
32,9,wVf5Yfu/qJDsTPX+sJ9bG78rkLQ=,er+o/oVgx4Qx8yx1LFYD4c4YRmc=
32,2,wVf5Yfu/qJDsTPX+sJ9bG78rkLQ=,F32HA8Uh4fwkTFk3ts5xi3JxQcI=
32,3,wVf5Yfu/qJDsTPX+sJ9bG78rkLQ=,F32HA8Uh4fwkTFk3ts5xi3JxQcI=
32,4,wVf5Yfu/qJDsTPX+sJ9bG78rkLQ=,WbW3P3StE+wPw8cpAdHPNxKSyOY=
32,0,wVf5Yfu/qJDsTPX+sJ9bG78rkLQ=,F32HA8Uh4fwkTFk3ts5xi3JxQcI=
32,13,wVf5Yfu/qJDsTPX+sJ9bG78rkLQ=,gJMdy7iv8nLi6sT6Z3kTHjk7xq4=
32,14,wVf5Yfu/qJDsTPX+sJ9bG78rkLQ=,gJMdy7iv8nLi6sT6Z3kTHjk7xq4=
32,12,wVf5Yfu/qJDsTPX+sJ9bG78rkLQ=,gJMdy7iv8nLi6sT6Z3kTHjk7xq4=
32,15,wVf5Yfu/qJDsTPX+sJ9bG78rkLQ=,gJMdy7iv8nLi6sT6Z3kTHjk7xq4=
32,11,wVf5Yfu/qJDsTPX+sJ9bG78rkLQ=,er+o/oVgx4Qx8yx1LFYD4c4YRmc=
32,29,wVf5Yfu/qJDsTPX+sJ9bG78rkLQ=,UEMNaP0k7ePI83gkY9Ok/EhYIAI=
32,26,wVf5Yfu/qJDsTPX+sJ9bG78rkLQ=,jUn8rkSq7GqEjVJY8kmKvk67eCA=
32,28,wVf5Yfu/qJDsTPX+sJ9bG78rkLQ=,UEMNaP0k7ePI83gkY9Ok/EhYIAI=
32,25,wVf5Yfu/qJDsTPX+sJ9bG78rkLQ=,jUn8rkSq7GqEjVJY8kmKvk67eCA=
32,27,wVf5Yfu/qJDsTPX+sJ9bG78rkLQ=,jUn8rkSq7GqEjVJY8kmKvk67eCA=
32,22,wVf5Yfu/qJDsTPX+sJ9bG78rkLQ=,LNEE5EBYQefqo9cfCSUcfWUDLig=
32,23,wVf5Yfu/qJDsTPX+sJ9bG78rkLQ=,LNEE5EBYQefqo9cfCSUcfWUDLig=
32,21,wVf5Yfu/qJDsTPX+sJ9bG78rkLQ=,LNEE5EBYQefqo9cfCSUcfWUDLig=
32,24,wVf5Yfu/qJDsTPX+sJ9bG78rkLQ=,jUn8rkSq7GqEjVJY8kmKvk67eCA=
32,17,wVf5Yfu/qJDsTPX+sJ9bG78rkLQ=,0u8LGQI8BndE5G9EBWpyjYsBb6g=
32,20,wVf5Yfu/qJDsTPX+sJ9bG78rkLQ=,LNEE5EBYQefqo9cfCSUcfWUDLig=
32,16,wVf5Yfu/qJDsTPX+sJ9bG78rkLQ=,0u8LGQI8BndE5G9EBWpyjYsBb6g=
32,18,wVf5Yfu/qJDsTPX+sJ9bG78rkLQ=,0u8LGQI8BndE5G9EBWpyjYsBb6g=
32,19,wVf5Yfu/qJDsTPX+sJ9bG78rkLQ=,0u8LGQI8BndE5G9EBWpyjYsBb6g=
